编号,品牌,型号,前进档位数,倒档档位数,换档形式,最大扭矩(N*m),变速箱油容量(L),前进档速比,倒档速比
1,奔驰,G211-12,12,2,自动,0,0,"1: 14.93
12: 1.00",
2,奔驰,G210-16,16,2,手动,0,0,"1: 14.19
","1: 12.9
2: 10.66"
3,奔驰,G211-16,16,2,手动,0,0,,
4,奔驰,G240-16,16,2,手动,0,0,"1: 11.72
2: 9.75
3: 7.92
4: 6.58
5: 5.29
6: 4.4
7: 3.64
8: 3.02
9: 2.66
10: 2.22
11: 1.8
12: 1.5
13: 1.2
14: 1
15: 0.83
16: 0.69","1: 10.66
2: 8.86"
5,采埃孚,ZF12AS2540 AMT,12,2,手自一体,2500,13,"1: 12.29
2: 9.59
3: 7.41
4: 5.78
5: 4.57
6: 3.56
7: 2.69
8: 2.1
9: 1.62
10: 1.27
11: 1.00
12: 0.78","1: 11.38
2: 8.88"
6,采埃孚,16T1680,16,2,手动,1600,15,"1: 14.3
2: 11.95
3: 9.48
4: 7.92
5: 6.52
6: 5.45
7: 4.56
8: 3.81
9: 3.14
10: 2.62
11: 2.08
12: 1.74
13: 1.43
14: 1.2
15: 1
16: 0.84","1.12.97
2.10.84
"
7,采埃孚,ZF16S2230,16,2,手动,2200,15.5,"1: 13.8
2: 11.54
3: 9.49
4: 7.93
5: 6.53
6: 5.46
7: 4.57
8: 3.82
9: 3.02
10: 2.53
11: 2.08
12: 1.74
13: 1.43
14: 1.2
15: 1.00
16: 0.84","1: 12.92
2: 10.8"
8,采埃孚,ZF16S2530,16,2,手动,2500,14.5,"1: 13.8
2: 11.54
3: 9.49
4: 7.93
5: 6.53
6: 5.46
7: 4.57
8: 3.82
9: 3.02
10: 2.53
11: 2.08
12: 1.74
13: 1.43
14: 1.2
15: 1.00
16: 0.84","1: 12.92
2: 10.8"
9,采埃孚,ZF16T1880,16,2,手动,1800,15,"1: 14.3
2: 11.95
3: 9.48
4: 7.92
5: 6.52
6: 5.45
7: 4.56
8: 3.81
9: 3.14
10: 2.62
11: 2.08
12: 1.74
13: 1.43
14: 1.2
15: 1
16: 0.84","1.12.97
2.10.84
"
10,采埃孚,ZF16T2080,16,2,手自一体,2000,15,"1: 14.3
2: 11.95
3: 9.48
4: 7.92
5: 6.52
6: 5.45
7: 4.56
8: 3.81
9: 3.14
10: 2.62
11: 2.08
12: 1.74
13: 1.43
14: 1.2
15: 1
16: 0.84","1.12.97
2.10.84
"
11,采埃孚,ZF16T2280,16,2,手自一体,2200,14,"1: 14.3
2: 11.95
3: 9.48
4: 7.92
5: 6.52
6: 5.45
7: 4.56
8: 3.81
9: 3.14
10: 2.62
11: 2.08
12: 1.74
13: 1.43
14: 1.2
15: 1
16: 0.84","1.12.97
2.10.84
"
12,大齿,DC12J150T1,12,2,手动,1520,14,"1: 10.44
2: 8.65
3: 6.363
4: 5.272
5: 3.675
6: 3.045
7: 2.240
8: 1.856
9: 1.460
10: 1.210
11: 1.000
12: 0.828","1: 10.44
2: 8.651"
13,大齿,DC12J150T2,12,2,手动,1520,14,"1: 12.187
2: 9.750
3: 7.428
4: 5.942
5: 3.937
6: 3.150
7: 2.400
8: 1.920
9: 1.565
10: 1.252
11: 1.000
12: 0.800","1: 12.187
2: 9.75"
14,法士特, 10JSD140TB,10,2,手动,1200~2200,12——15,"1: 12.74
2: 9.43
3: 6.67
4: 4.83
5: 3.53
6: 2.64
7: 1.95
8: 1.38
9: 1.0
10: 0.73","1.13.73
2.2.84"
15,法士特, 10JSD180TB,10,2,手动,1200~2200,12——15,"1: 12.74
2: 9.43
3: 6.67
4: 4.83
5: 3.53
6: 2.64
7: 1.95
8: 1.38
9: 1.0
10: 0.73","1.13.73
2.2.84"
16,法士特, 10JSX220A,10,2,手动,2200,14.5,"1: 12.69
2: 9.29
3: 6.75
4: 4.9
5: 3.58
6: 2.59
7: 1.9
8: 1.38
9: 1
10: 0.73","1.13.75
2.2.8"
17,法士特,10JS160,10,2,手动,1600,14.5,"1: 14.58
2: 10.8
3: 7.92
4: 5.9
5: 4.38
6: 3.33
7: 2.47
8: 1.81
9: 1.35
10: 1","1.13.97
2.3.19"
18,法士特,10JS160A,10,2,手动,1600,14.5,"1: 10.81
2: 8
3: 5.87
4: 4.38
5: 3.26
6: 2.47
7: 1.83
8: 1.34
9: 1 
10: 0.74","1.11.35
2.2.37"
19,法士特,10JS160T,10,2,手动,1600,14,"1: 14.94
2: 11.16
3: 8.28
4: 6.09
5: 4.46
6: 3.35
7: 2.5
8: 1.86
9: 1.36
10: 1","1.15.07
2.3.38"
20,法士特,10JS80T,10,2,手动,800,7.5,"1: 14.15
2: 10.38
3: 7.77
4: 5.74
5:4.34
6: 3.26
7: 2.39
8: 1.79
9: 1.32
10: 1","1.13.03
2.3"
21,法士特,10JS90A,10,2,手动,900,6,"1: 12.09
2: 8.4
3: 5.97
4: 4.32
5: 3.36
6: 2.8
7: 1.94
8: 1.38
9: 1
10: 0.78","1.10.92
2.2.53"
22,法士特,10JS95T,10,2,手动,950,7.5,"1: 14.15
2: 10.38
3: 7.77
4: 5.74
5: 4.34
6: 3.26
7: 2.39
8: 1.79
9: 1.32
10: 1","1.13.03
2.3"
23,法士特,10JSD120,10,2,手动,1200,12.5,"1: 14.86
2: 11.02
3: 8.07
4: 6.02
5: 4.46
6: 3.33
7: 2.47
8: 1.81
9: 1.35 
10: 1","1.14.24
2.3.19"
24,法士特,10JSD120A,10,2,手动,1200,12.5,"1: 11.03
2: 8.12
3: 5.98
4: 4.46
5: 3.3
6: 2.47
7: 1.83
8: 1.34
9: 1 
10: 0.74","1.10.56
2.2.37"
25,法士特,10JSD120B,10,2,手动,1200,12.5,"1: 12.74
2: 9.43
3: 6.67
4: 4.83
5: 3.53
6: 2.64
7: 1.95
8: 1.38
9: 1.0
10: 0.73","1.13.73
2.2.84"
26,法士特,10JSD120T,10,2,手动,1200,12,"1: 14.96
2: 11.16
3: 8.28
4: 6.09
5:4.46
6: 3.35
7: 2.5
8: 1.86
9: 1.36
10: 1","1.15.07
2.3.38"
27,法士特,10JSD120TA,10,2,手动,1200,12,"1: 10.93
2: 8.17
3: 6.07
4: 4.46
5: 3.27
6: 2.45
7: 1.83
8: 1.36
9: 1 
10: 0.73","1.11.05
2.2.48"
28,法士特,10JSD120TB,10,2,手动,1200~2200,12——15,"1: 12.74
2: 9.43
3: 6.67
4: 4.83
5: 3.53
6: 2.64
7: 1.95
8: 1.38
9: 1.0
10: 0.73","1.13.73
2.2.84"
29,法士特,10JSD140,10,2,手动,1200,12.5,"1: 14.86
2: 11.02
3: 8.07
4: 6.02
5: 4.46
6: 3.33
7: 2.47
8: 1.81
9: 1.35 
10: 1","1.14.24
2.3.19"
30,法士特,10JSD140A,10,2,手动,1400,12.5,"1: 11.03
2: 8.12
3: 5.98
4: 4.46
5: 3.3
6: 2.47
7: 1.83
8: 1.34
9: 1 
10: 0.74","1.10.55
2.2.37"
31,法士特,10JSD140B,10,2,手动,1400,12.5,"1: 12.74
2: 9.43
3: 6.67
4: 4.83
5: 3.53
6: 2.64
7: 1.95
8: 1.38
9: 1.0
10: 0.73","1.13.73
2.2.84"
32,法士特,10JSD140K,10,2,手动,1200~2200,12.5,"1: 15.24
2: 12.44
3: 8.71
4: 6.17
5: 4.46
6: 3.42
7: 2.79
8: 1.95
9: 1.38
10: 1","1.14.6
2.3.27"
33,法士特,10JSD140K,10,2,手动,1400,13,"1: 15.29
2: 12.48
3: 8.74
4: 6.19
5: 4.48
6: 3.42
7: 2.79
8: 1.95
9: 1.38
10: 1","1.14.65
2.3.27"
34,法士特,10JSD140T,10,2,手动,1400,12,"1: 14.96
2: 11.16
3: 8.28
4: 6.09
5:4.46
6: 3.35
7: 2.5
8: 1.86
9: 1.36
10: 1","1.15.07
2.3.38"
35,法士特,10JSD140TA,10,2,手动,1400,12,"1: 10.93
2: 8.17
3: 6.07
4: 4.46
5: 3.27
6: 2.45
7: 1.83
8: 1.36
9: 1 
10: 0.73","1.11.05
2.2.48"
36,法士特,10JSD160,10,2,手动,2200,14.5,"1: 14.86
2: 11.02
3: 8.07
4: 6.02
5: 4.46
6: 3.33
7: 2.47
8: 1.81
9: 1.35 
10: 1","1.14.24
2.3.19"
37,法士特,10JSD160A,10,2,手动,1600,14.5,"1: 11.03
2: 8.12
3: 5.98
4: 4.46
5: 3.3
6: 2.47
7: 1.83
8: 1.34
9: 1
10: 0.74","1.10.55
2.2.37"
38,法士特,10JSD160B,10,2,手动,1600,14.5,"1: 12.74
2: 9.43
3: 6.67
4: 4.83
5: 3.53
6: 2.64
7: 1.95
8: 1.38
9: 1.0
10: 0.73","1.13.73
2.2.84"
39,法士特,10JSD160T,10,2,手动,1600,14.5,"1: 14.96
2: 11.16
3: 8.28
4: 6.09
5: 4.46
6: 3.35
7: 2.5
8: 1.86
9: 1.36
10: 1","1.15.07
2.3.38"
40,法士特,10JSD160TA,10,2,手动,1600,14.5,"1: 10.93
2: 8.17
3: 6.07
4: 4.46
5: 3.27
6: 2.45
7: 1.83
8: 1.36
9: 1 
10: 0.73","1.11.05
2.2.48"
41,法士特,10JSD160TB,10,2,手动,1200~2200,12——15,"1: 12.74
2: 9.43
3: 6.67
4: 4.83
5: 3.53
6: 2.64
7: 1.95
8: 1.38
9: 1.0
10: 0.73","1.13.73
2.2.84"
42,法士特,10JSD180,10,2,手动,2200,14.5,"1: 14.86
2: 11.02
3: 8.07
4: 6.02
5: 4.46
6: 3.33
7: 2.47
8: 1.81
9: 1.35 
10: 1","1.14.24
2.3.19"
43,法士特,10JSD180A,10,2,手动,1800,14.5,"1: 11.03
2: 8.12
3: 5.98
4: 4.46
5: 3.3
6: 2.47
7: 1.83
8: 1.34
9: 1
10: 0.74","1.10.55
2.2.37"
44,法士特,10JSD180B,10,2,手动,1800,14.5,"1: 12.74
2: 9.43
3: 6.67
4: 4.83
5: 3.53
6: 2.64
7: 1.95
8: 1.38
9: 1.0
10: 0.73","1.13.73
2.2.84"
45,法士特,10JSD180K,10,2,手动,1200~2200,14.5,"1: 15.29
2: 14.48
3: 8.74
4: 6.19
5: 4.48
6: 3.42
7: 2.79
8: 1.95
9: 1.38
10: 1","1.14.65
2.3.27"
46,法士特,10JSD180T,10,2,手动,1800,14.5,"1: 14.96
2: 11.16
3: 8.28
4: 6.09
5: 4.46
6: 3.35
7: 2.5
8: 1.86
9: 1.36
10: 1","1.15.07
2.3.38"
47,法士特,10JSD180TA,10,2,手动,1800,14.5,"1: 10.93
2: 8.17
3: 6.07
4: 4.46
5: 3.27
6: 2.45
7: 1.83
8: 1.36
9: 1 
10: 0.73","1.11.05
2.2.48"
48,法士特,10JSD200,10,2,手动,2200,14.5,"1: 14.86
2: 11.02
3: 8.07
4: 6.02
5: 4.46
6: 3.33
7: 2.47
8: 1.81
9: 1.35 
10: 1","1.14.24
2.3.19"
49,法士特,10JSD200A,10,2,手动,2000,14.5,"1: 11.03
2: 8.12
3: 5.98
4: 4.46
5: 3.3
6: 2.47
7: 1.83
8: 1.3
9: 1
10: 0.73","1.10.55
2.2.37"
50,法士特,10JSD200B,10,2,手动,2000,14.5,"1: 12.74
2: 9.43
3: 6.67
4: 4.83
5: 3.53
6: 2.64
7: 1.95
8: 1.38
9: 1.0
10: 0.73","1.13.73
2.2.84"
51,法士特,10JSD200T,10,2,手动,2000,15,"1: 14.96
2: 11.16
3: 8.28
4: 6.09
5:4.46
6: 3.35
7: 2.5
8: 1.86
9: 1.36
10: 1","1.15.07
2.3.38"
52,法士特,10JSD200TA,10,2,手动,2000,15,"1: 10.93
2: 8.17
3: 6.07
4: 4.46
5: 3.27
6: 2.45
7: 1.83
8: 1.36
9: 1 
10: 0.73","1.11.05
2.2.48"
53,法士特,10JSD220B,10,2,手动,2200,14.5,"1: 12.74
2: 9.43
3: 6.67
4: 4.83
5: 3.53
6: 2.64
7: 1.95
8: 1.38
9: 1.0
10: 0.73","1.13.73
2.2.84"
54,法士特,10JSD220T,10,2,手动,2200,15,"1: 14.96
2: 11.16
3: 8.28
4: 6.09
5:4.46
6: 3.35
7: 2.5
8: 1.86
9: 1.36
10: 1","1.15.07
2.3.38"
55,法士特,10JSD220TA,10,2,手动,2200,15,"1: 10.93
2: 8.17
3: 6.07
4: 4.46
5: 3.27
6: 2.45
7: 1.83
8: 1.36
9: 1 
10: 0.73","1.11.05
2.2.48"
56,法士特,10JSD220TB,10,2,手动,1200~2200,12——15,"1: 12.74
2: 9.43
3: 6.67
4: 4.83
5: 3.53
6: 2.64
7: 1.95
8: 1.38
9: 1.0
10: 0.73","1.13.73
2.2.84"
57,法士特,10JSDQX180T,10,2,手动,1200~2200,14,"1: 15.02
2: 11.02
3: 8.17
4: 6
5:4.46
6: 3.37
7: 2.47
8: 1.83
9: 1.34
10: 1","1.15.22
2.3.41"
58,法士特,10JSDX140,10,2,手动,1400~2200,12.5,"1: 14.86
2: 11.02
3: 8.07
4: 6.02
5: 4.46
6: 3.33
7: 2.47
8: 2.47
9: 1.35 
10: 1","1.14.24
2.3.19"
59,法士特,10JSDX140A,10,2,手动,1200~2200,12.5,"1: 11.03
2: 8.12
3: 5.98
4: 4.46
5: 3.3
6: 2.47
7: 1.83
8: 1.3
9: 1
10: 0.73","1.10.55
2.2.37"
60,法士特,10JSDX140B,10,2,手动,1200~2200,12.5/14.5,"1: 12.74
2: 9.43
3: 6.67
4: 4.83
5:3.53
6: 2.64
7: 1.95
8: 1.38
9: 1
10: 0.73","1.13.73
2.2.84"
61,法士特,10JSDX140T,10,2,手动,1400,12,"1: 14.96
2: 11.16
3: 8.28
4: 6.09
5:4.46
6: 3.35
7: 2.5
8: 1.86
9: 1.36
10: 1","1.15.07
2.3.38"
62,法士特,10JSDX180,10,2,手动,1400~2200,14.5,"1: 14.86
2: 11.02
3: 8.07
4: 6.02
5: 4.46
6: 3.33
7: 2.47
8: 1.81
9: 1.35 
10: 1","1.14.24
2.3.19"
63,法士特,10JSDX180A,10,2,手动,1200~2200,14.5,"1: 11.03
2: 8.12
3: 5.98
4: 4.46
5:3.3
6: 2.47
7: 1.83
8: 1.3
9: 1
10: 0.73","1.10.55
2.2.37"
64,法士特,10JSDX180B,10,2,手动,1200~2200,12.5/14.5,"1: 12.74
2: 9.43
3: 6.67
4: 4.83
5:3.53
6: 2.64
7: 1.95
8: 1.38
9: 1
10: 0.73","1.13.73
2.2.84"
65,法士特,10JSDX180K,10,2,手动,1200~2200,14.5,"1: 15.24
2: 12.44
3: 8.71
4: 6.17
5: 4.46
6: 3.42
7: 2.79
8: 1.95
9: 1.38
10: 1","1.14.6
2.3.27"
66,法士特,10JSDX180T,10,2,手动,1800,13,"1: 14.96
2: 11.16
3: 8.28
4: 6.09
5: 4.46
6: 3.35
7: 2.5
8: 1.86
9: 1.36
10: 1","1.15.07
2.3.38"
67,法士特,10JSDX220A,10,2,手动,1200~2200,14.5,"1: 11.03
2: 8.12
3: 5.98
4: 4.46
5: 3.3
6: 2.47
7: 1.83
8: 1.3
9: 1
10: 0.73","1.10.55
2.2.37"
68,法士特,10JSDX220B,10,2,手动,1200~2200,12.5/14.5,"1: 12.74
2: 9.43
3: 6.67
4: 4.83
5: 3.53
6: 2.64
7: 1.95
8: 1.38
9: 1
10: 0.73","1.13.73
2.2.84"
69,法士特,10JSDX220T,10,2,手动,2200,15,"1: 14.96
2: 11.16
3: 8.28
4: 6.09
5:4.46
6: 3.35
7: 2.5
8: 1.86
9: 1.36
10: 1","1.15.07
2.3.38"
70,法士特,10JSQX160,10,2,手动,1600,13.5,"1: 15.02
2: 11.02
3: 8.17
4: 6
5:4.46
6: 3.37
7: 2.47
8: 1.83
9: 1.34
10: 1","1.15.22
2.3.41"
71,法士特,10JSQX160A,10,2,手动,1600,13.5,"1: 11.17
2: 8.2
3: 6.08
4: 4.46
5: 3.32
6: 2.5
7: 1.85
8: 1.36
9: 1
10: 0.74","1. 10.69
2. 2.39
"
72,法士特,10JSQX180,10,2,手动,1800,13.5,"1: 15.02
2: 11.02
3: 8.17
4: 6
5:4.46
6: 3.37
7: 2.47
8: 1.83
9: 1.34
10: 1","1.15.22
2.3.41"
73,法士特,10JSQX180A,10,2,手动,1800,13.5,"1: 11.17
2: 8.2
3: 6.08
4: 4.46
5: 3.32
6: 2.5
7: 1.85
8: 1.36
9: 1
10: 0.74","1. 14.55
2. 3.26
"
74,法士特,10JSQX200,10,2,手动,2000,13.5,"1: 15.02
2: 11.02
3: 8.17
4: 6
5:4.46
6: 3.37
7: 2.47
8: 1.83
9: 1.34
10: 1","1.15.22
2.3.41"
75,法士特,10JSQX200A,10,2,手动,2000,13.5,"1: 11.17
2: 8.2
3: 6.08
4: 4.46
5: 3.32
6: 2.5
7: 1.85
8: 1.36
9: 1
10: 0.74","1. 14.55
2. 3.26
"
76,法士特,10JSX160,10,2,手动,1600,13.5,"1: 14.95
2: 11.16
3: 8.28
4: 6.09
5: 4.46
6: 3.35
7: 2.5
8: 1.86
9: 1.36
10: 1","1. 14.55
2. 3.26
"
77,法士特,10JSX160A,10,2,手动,1600,13.5,"1: 10.98
2: 8.2
3: 6.09
4: 4.46
5: 3.28
6: 2.46
7: 1.84
8: 1.36
9: 1
10: 0.73","1. 10.69
2. 2.39
"
78,法士特,10JSX180,10,2,手动,1800,13.5,"1: 14.95
2: 11.16
3: 8.28
4: 6.09
5: 4.46
6: 3.35
7: 2.5
8: 1.86
9: 1.36
10: 1","1. 14.55
2. 3.26
"
79,法士特,10JSX180A,10,2,手动,1800,13.5,"1: 10.98
2: 8.2
3: 6.09
4: 4.46
5: 3.28
6: 2.46
7: 1.84
8: 1.36
9: 1
10: 0.73","1. 10.69
2. 2.39
"
80,法士特,10JSX200,10,2,手动,2000,13.5,"1: 14.95
2: 11.16
3: 8.28
4: 6.09
5: 4.46
6: 3.35
7: 2.5
8: 1.86
9: 1.36
10: 1","1. 14.55
2. 3.26
"
81,法士特,10JSX200A,10,2,手动,2000,13.5,"1: 10.98
2: 8.2
3: 6.09
4: 4.46
5: 3.28
6: 2.46
7: 1.84
8: 1.36
9: 1
10: 0.73","1. 10.69
2. 2.39
"
82,法士特,10JZSD160,10,2,手动,1600,15,"1: 14.86
2: 11.02
3: 8.07
4: 6.02
5: 4.46
6: 3.33
7: 2.47
8: 1.81
9: 1.35
10: 1","1.14.23
2.3.19"
83,法士特,10JZSD160A,10,2,手动,1600,15,"1: 11.03
2: 8.12
3: 5.98
4: 4.46
5: 3.3
6: 2.47
7: 1.83
8: 1.34
9: 1 
10: 0.74","1.10.56
2.2.37"
84,法士特,12JS120T,12,2,手动,1200,14.5,"1: 15.53
2: 12.08
3: 9.47
4: 7.32
5: 5.72
6: 4.46
7: 3.47
8: 2.71
9: 2.12
10: 1.64
11: 1.28
12: 1.00","1: 14.86
2: 3.33"
85,法士特,12JS135T,12,2,手动,1350,14.5,"1: 15.53
2: 12.08
3: 9.39
4: 7.33
5: 5.73
6: 4.46
7: 3.48
8: 2.71
9: 2.1
10: 1.64
11: 1.28
12: 1.00","1: 14.73
2: 3.33"
86,法士特,12JS140,12,2,手动,1400,14.5,"1: 15.53
2: 12.08
3: 9.39
4: 7.33
5: 5.73
6: 4.46
7: 3.48
8: 2.71
9: 2.1
10: 1.64
11: 1.28
12: 1.00","1: 14.86
2: 3.33"
87,法士特,12JS140A,12,2,手动,1400,14.5,"1: 12.10
2: 9.41
3: 7.31
4: 5.71
5: 4.46
6: 3.48
7: 2.71
8: 2.11
9: 1.64
10: 1.28
11: 1.00
12: 0.78","1: 11.56
2: 2.59"
88,法士特,12JS140T,12,2,手动,1400,14.5,"1: 15.53
2: 12.08
3: 9.39
4: 7.33
5: 5.73
6: 4.46
7: 3.48
8: 2.71
9: 2.1
10: 1.64
11: 1.28
12: 1.00","1: 14.86
2: 3.33"
89,法士特,12JS140TA,12,2,手动,1400,14.5,"1: 12.10
2: 9.41
3: 7.31
4: 5.71
5: 4.46
6: 3.48
7: 2.71
8: 2.11
9: 1.64
10: 1.28
11: 1.00
12: 0.78","1: 11.56
2: 2.59"
90,法士特,12JS160,12,2,手动,1600,14.5,"1: 15.53
2: 12.08
3: 9.39
4: 7.33
5: 5.73
6: 4.46
7: 3.48
8: 2.71
9: 2.1
10: 1.64
11: 1.28
12: 1.00","1: 14.86
2: 3.33"
91,法士特,12JS160A,12,2,手动,1600,14.5,"1: 12.10
2: 9.41
3: 7.31
4: 5.71
5: 4.46
6: 3.48
7: 2.71
8: 2.11
9: 1.64
10: 1.28
11: 1.00
12: 0.78","1: 11.56
2: 2.59"
92,法士特,12JS160T,12,2,手动,1600,14.5,"1: 15.53
2: 12.08
3: 9.39
4: 7.33
5: 5.73
6: 4.46
7: 3.48
8: 2.71
9: 2.1
10: 1.64
11: 1.28
12: 1.00","1: 14.86
2: 3.33"
93,法士特,12JS160TA,12,2,手动,1600,14.5,"1: 12.10
2: 9.41
3: 7.31
4: 5.71
5: 4.46
6: 3.48
7: 2.71
8: 2.11
9: 1.64
10: 1.28
11: 1.00
12: 0.78","1: 11.56
2: 2.59"
94,法士特,12JS180A,12,2,手动,1800,16,"1: 12.10
2: 9.41
3: 7.31
4: 5.71
5: 4.46
6: 3.48
7: 2.71
8: 2.11
9: 1.64
10: 1.28
11: 1.00
12: 0.78","1: 11.56
2: 2.59"
95,法士特,12JS180T,12,2,手动,1800,15.5,"1: 15.53
2: 12.08
3: 9.39
4: 7.33
5: 5.73
6: 4.46
7: 3.48
8: 2.71
9: 2.1
10: 1.64
11: 1.28
12: 1.00","1: 14.86
2: 3.33"
96,法士特,12JS180TA,12,2,手动,1800,15.5,"1: 12.10
2: 9.41
3: 7.31
4: 5.71
5: 4.46
6: 3.48
7: 2.71
8: 2.11
9: 1.64
10: 1.28
11: 1.00
12: 0.78","1: 11.56
2: 2.59"
97,法士特,12JS200,12,2,手动,2000,15,"1: 15.53
2: 12.08
3: 9.39
4: 7.33
5: 5.73
6: 4.46
7: 3.48
8: 2.71
9: 2.1
10: 1.64
11: 1.28
12: 1.00","1: 14.86
2: 3.33"
98,法士特,12JS200A,12,2,手动,2000,15,"1: 12.10
2: 9.41
3: 7.31
4: 5.71
5: 4.46
6: 3.48
7: 2.71
8: 2.11
9: 1.64
10: 1.28
11: 1.00
12: 0.78","1: 11.56
2: 2.59"
99,法士特,12JS200T,12,2,手动,2000,15.5,"1: 15.53
2: 12.08
3: 9.39
4: 7.33
5: 5.73
6: 4.46
7: 3.48
8: 2.71
9: 2.1
10: 1.64
11: 1.28
12: 1.00","1: 14.86
2: 3.33"
100,法士特,12JS200TA,12,2,手动,2000,15.5,"1: 12.10
2: 9.41
3: 7.31
4: 5.71
5: 4.46
6: 3.48
7: 2.71
8: 2.11
9: 1.64
10: 1.28
11: 1.00
12: 0.78","1: 11.56
2: 2.59"
101,法士特,12JS220T,12,2,手动,2200,15.5,"1: 15.53
2: 12.08
3: 9.39
4: 7.33
5: 5.73
6: 4.46
7: 3.48
8: 2.71
9: 2.1
10: 1.64
11: 1.28
12: 1.00","1: 14.86
2: 3.33"
102,法士特,12JS220TA,12,2,手动,2200,15.5,"1: 12.10
2: 9.41
3: 7.31
4: 5.71
5: 4.46
6: 3.48
7: 2.71
8: 2.11
9: 1.64
10: 1.28
11: 1.00
12: 0.78","1: 11.56
2: 2.59"
103,法士特,12JS240T,12,2,手动,2400,14.5,"1: 15.53
2: 12.08
3: 9.39
4: 7.33
5: 5.73
6: 4.46
7: 3.48
8: 2.71
9: 2.1
10: 1.64
11: 1.28
12: 1.00","1: 14.86
2: 3.33"
104,法士特,12JS240TA,12,2,手动,2400,14.5,"1: 12.10
2: 9.41
3: 7.31
4: 5.71
5: 4.46
6: 3.48
7: 2.71
8: 2.11
9: 1.64
10: 1.28
11: 1.00
12: 0.78","1: 11.56
2: 2.59"
105,法士特,12JS260T,12,2,手动,2600,17,"1: 15.85
2: 12.32
3: 9.58
4: 7.48
5: 5.84
6: 4.55
7: 3.48
8: 2.71
9: 2.10
10: 1.64
11: 1.23
12: 1.00","1: 15.16
2: 3.33"
106,法士特,12JS65,12,2,手动,650,6,"1: 12.2
2: 9.38
3: 7.27
4: 5.7
5: 4.49
6: 3.5
7: 2.72
8: 2.09
9: 1.62
10: 1.27
11: 1.00
12: 0.78","1: 11.36
2: 2.53"
107,法士特,12JS90,12,2,手动,900,7,"1: 12.07
2: 9.36
3: 7.26
4: 5.62
5: 4.44
6: 3.52
7: 2.71
8: 2.11
9: 1.63
10: 1.27
11: 1.00
12: 0.79","1: 10.86
2: 2.44"
108,法士特,12JSD160,12,2,手动,1600,15,"1: 15.53
2: 12.08
3: 9.39
4: 7.33
5: 5.73
6: 4.46
7: 3.48
8: 2.71
9: 2.1
10: 1.64
11: 1.28
12: 1.00","1: 14.86
2: 3.33"
109,法士特,12JSD160A,12,2,手动,1600,15,"1: 12.10
2: 9.41
3: 7.31
4: 5.71
5: 4.46
6: 3.48
7: 2.71
8: 2.11
9: 1.64
10: 1.28
11: 1.00
12: 0.78","1: 11.56
2: 2.59"
110,法士特,12JSD160T,12,2,手动,1600,15,"1: 15.53
2: 12.08
3: 9.39
4: 7.33
5: 5.73
6: 4.46
7: 3.48
8: 2.71
9: 2.1
10: 1.64
11: 1.28
12: 1.00","1: 14.86
2: 3.33"
111,法士特,12JSD180A,12,2,手动,1800,16,"1: 12.10
2: 9.41
3: 7.31
4: 5.71
5: 4.46
6: 3.48
7: 2.71
8: 2.11
9: 1.64
10: 1.28
11: 1.00
12: 0.78","1: 11.56
2: 2.59"
112,法士特,12JSD180T,12,2,手动,1800,16,"1: 15.53
2: 12.08
3: 9.39
4: 7.33
5: 5.73
6: 4.46
7: 3.48
8: 2.71
9: 2.1
10: 1.64
11: 1.28
12: 1.00","1: 14.86
2: 3.33"
113,法士特,12JSD180TA,12,2,手动,1800,16,"1: 12.10
2: 9.41
3: 7.31
4: 5.71
5: 4.46
6: 3.48
7: 2.71
8: 2.11
9: 1.64
10: 1.28
11: 1.00
12: 0.78","1: 11.56
2: 2.59"
114,法士特,12JSD200,12,2,手动,2000,15.5,"1: 15.53
2: 12.08
3: 9.39
4: 7.33
5: 5.73
6: 4.46
7: 3.48
8: 2.71
9: 2.1
10: 1.64
11: 1.28
12: 1.00","1: 14.86
2: 3.33"
115,法士特,12JSD200A,12,2,手动,2000,15.5,"1: 12.10
2: 9.41
3: 7.31
4: 5.71
5: 4.46
6: 3.48
7: 2.71
8: 2.11
9: 1.64
10: 1.28
11: 1.00
12: 0.78","1: 11.56
2: 2.59"
116,法士特,12JSD200T,12,2,手动,2000,16,"1: 15.53
2: 12.08
3: 9.39
4: 7.33
5: 5.73
6: 4.46
7: 3.48
8: 2.71
9: 2.1
10: 1.64
11: 1.28
12: 1.00","1: 14.86
2: 3.33"
117,法士特,12JSD200TA,12,2,手动,2000,16,"1: 12.10
2: 9.41
3: 7.31
4: 5.71
5: 4.46
6: 3.48
7: 2.71
8: 2.11
9: 1.64
10: 1.28
11: 1.00
12: 0.78","1: 11.56
2: 2.59"
118,法士特,12JSD200TB,12,2,手动,2000,15,"1: 14.38
2: 11.18
3: 8.49
4: 6.4
5: 4.83
6: 3.77
7: 2.98
8: 2.31
9: 1.76
10: 1.32
11: 1.00
12: 0.78","1: 13.76
2: 2.85"
119,法士特,12JSD220T,12,2,手动,2200,16,"1: 15.53
2: 12.08
3: 9.39
4: 7.33
5: 5.73
6: 4.46
7: 3.48
8: 2.71
9: 2.1
10: 1.64
11: 1.28
12: 1.00","1: 14.86
2: 3.33"
120,法士特,12JSD220TA,12,2,手动,2200,16,"1: 12.10
2: 9.41
3: 7.31
4: 5.71
5: 4.46
6: 3.48
7: 2.71
8: 2.11
9: 1.64
10: 1.28
11: 1.00
12: 0.78","1: 11.56
2: 2.59"
121,法士特,12JSD240T,12,2,手动,2400,15,"1: 15.53
2: 12.08
3: 9.39
4: 7.33
5: 5.73
6: 4.46
7: 3.48
8: 2.71
9: 2.1
10: 1.64
11: 1.28
12: 1.00","1: 14.86
2: 3.33"
122,法士特,12JSD240TA,12,2,手动,2400,15,"1: 12.10
2: 9.41
3: 7.31
4: 5.71
5: 4.46
6: 3.48
7: 2.71
8: 2.11
9: 1.64
10: 1.28
11: 1.00
12: 0.78","1: 11.56
2: 2.59"
123,法士特,12JSDX160T,12,2,手动,1600,16,"1: 15.53
2: 12.08
3: 9.39
4: 7.33
5: 5.73
6: 4.46
7: 3.48
8: 2.71
9: 2.1
10: 1.64
11: 1.28
12: 1.00","1: 14.86
2: 3.33"
124,法士特,12JSDX160TA,12,2,手动,1600,16,"1: 15.53
2: 12.08
3: 9.39
4: 7.33
5: 5.73
6: 4.46
7: 3.48
8: 2.71
9: 2.1
10: 1.64
11: 1.28
12: 1.00","1: 14.86
2: 3.33"
125,法士特,12JSDX180T,12,2,手动,1800,16,"1: 15.53
2: 12.08
3: 9.39
4: 7.33
5: 5.73
6: 4.46
7: 3.48
8: 2.71
9: 2.1
10: 1.64
11: 1.28
12: 1.00","1: 14.86
2: 3.33"
126,法士特,12JSDX180TA,12,2,手动,1800,16,"1: 12.10
2: 9.41
3: 7.31
4: 5.71
5: 4.46
6: 3.48
7: 2.71
8: 2.11
9: 1.64
10: 1.28
11: 1.00
12: 0.78","1: 11.56
2: 2.59"
127,法士特,12JSDX200T,12,2,手动,2000,16,"1: 15.53
2: 12.08
3: 9.39
4: 7.33
5: 5.73
6: 4.46
7: 3.48
8: 2.71
9: 2.1
10: 1.64
11: 1.28
12: 1.00","1: 14.86
2: 3.33"
128,法士特,12JSDX200TA,12,2,手动,2000,16,"1: 12.10
2: 9.41
3: 7.31
4: 5.71
5: 4.46
6: 3.48
7: 2.71
8: 2.11
9: 1.64
10: 1.28
11: 1.00
12: 0.78","1: 11.56
2: 2.59"
129,法士特,16JS160T,16,2,手动,1800,15,"1: 17.04
2: 14.03
3: 11.66
4: 9.6
5: 8.06
6: 6.64
7: 5.53
8: 4.55
9: 3.74
10: 3.08
11: 2.56
12: 2.11
13: 1.77
14: 1.45
15: 1.21
16: 1","1: 16.3
2: 13.42"
130,法士特,16JS160TA,16,2,手动,1800,15,"1: 14.03
2: 11.64
3: 9.6
4: 7.97
5: 6.64
6: 5.51
7: 4.55
8: 3.78
9: 3.08
10: 2.56
11: 2.11
12: 1.75
13: 1.46
14: 1.21
15: 1
16: 0.83","1: 13.42
2: 11.13"
131,法士特,16JS168T,16,2,手动,1800,15,"1: 17.04
2: 14.03
3: 11.66
4: 9.6
5: 8.04
6: 6.62
7: 5.53
8: 4.55
9: 3.74
10: 3.08
11: 2.56
12: 2.11
13: 1.77
14: 1.45
15: 1.21
16: 1","1: 16.3
2: 13.42"
132,法士特,16JS168TA,16,2,手动,1680,19,"1: 14.03
2: 11.64
3: 9.6
4: 7.97
5: 6.64
6: 5.51
7: 4.55
8: 3.78
9: 3.08
10: 2.56
11: 2.11
12: 1.75
13: 1.46
14: 1.21
15: 1
16: 0.83","1: 13.42
2: 11.13"
133,法士特,16JS180T,16,2,手动,1800,16.5,"1: 17.04
2: 14.03
3: 11.66
4: 9.6
5: 8.04
6: 6.62
7: 5.53
8: 4.55
9: 3.74
10: 3.08
11: 2.56
12: 2.11
13: 1.77
14: 1.45
15: 1.21
16: 1","1: 16.3
2: 13.42"
134,法士特,16JS180TA,16,2,手动,1800,16.5,"1: 14.03
2: 11.64
3: 9.6
4: 7.97
5: 6.64
6: 5.51
7: 4.55
8: 3.78
9: 3.08
10: 2.56
11: 2.11
12: 1.75
13: 1.46
14: 1.21
15: 1
16: 0.83","1: 13.42
2: 11.13"
135,法士特,16JS200,16,2,手动,2000,,"1: 17.04
2: 14.03
3: 11.66
4: 9.6
5: 8.04
6: 6.62
7: 5.53
8: 4.55
9: 3.74
10: 3.08
11: 2.56
12: 2.11
13: 1.77
14: 1.45
15: 1.21
16: 1","1: 16.3
2: 13.42"
136,法士特,16JS200T,16,2,手动,2000,16.5,"1: 17.04
2: 14.03
3: 11.66
4: 9.6
5: 8.04
6: 6.62
7: 5.53
8: 4.55
9: 3.74
10: 3.08
11: 2.56
12: 2.11
13: 1.77
14: 1.45
15: 1.21
16: 1","1: 16.3
2: 13.42"
137,法士特,16JS200TA,16,2,手动,2000,16.5,"1: 14.03
2: 11.64
3: 9.6
4: 7.97
5: 6.64
6: 5.51
7: 4.55
8: 3.78
9: 3.08
10: 2.56
11: 2.11
12: 1.75
13: 1.46
14: 1.21
15: 1
16: 0.83","1: 13.42
2: 11.13"
138,法士特,16JS240T,16,2,手动,2400,19,"1: 17.04
2: 14.03
3: 11.66
4: 9.6
5: 8.04
6: 6.62
7: 5.53
8: 4.55
9: 3.74
10: 3.08
11: 2.56
12: 2.11
13: 1.77
14: 1.45
15: 1.21
16: 1","1: 16.3
2: 13.42"
139,法士特,16JS240TA,16,2,手动,2400,19,"1: 14.03
2: 11.64
3: 9.6
4: 7.97
5: 6.64
6: 5.51
7: 4.55
8: 3.78
9: 3.08
10: 2.56
11: 2.11
12: 1.75
13: 1.46
14: 1.21
15: 1
16: 0.83","1: 13.42
2: 11.13"
140,法士特,16JS260T,16,2,手动,2600,15.5,"1: 17.04
2: 14.03
3: 11.66
4: 9.6
5: 8.04
6: 6.62
7: 5.53
8: 4.55
9: 3.74
10: 3.08
11: 2.56
12: 2.11
13: 1.77
14: 1.45
15: 1.21
16: 1","1: 16.3
2: 13.42"
141,法士特,16JSD150T,16,2,手动,1500,17,"1: 17.04
2: 14.03
3: 11.66
4: 9.6
5: 8.06
6: 6.62
7: 5.53
8: 4.55
9: 3.74
10: 3.08
11: 2.56
12: 2.11
13: 1.77
14: 1.45
15: 1.21
16: 1","1: 16.3
2: 13.42"
142,法士特,16JSD150TA,16,2,手动,2000,17,"1: 14.03
2: 11.64
3: 9.6
4: 7.97
5: 6.64
6: 5.51
7: 4.55
8: 3.78
9: 3.08
10: 2.56
11: 2.11
12: 1.75
13: 1.46
14: 1.21
15: 1
16: 0.83","1: 13.42
2: 11.13"
143,法士特,16JSD180T,16,2,手动,1800,19,"1: 17.04
2: 14.03
3: 11.66
4: 9.6
5: 8.06
6: 6.62
7: 5.53
8: 4.55
9: 3.74
10: 3.08
11: 2.56
12: 2.11
13: 1.77
14: 1.45
15: 1.21
16: 1","1: 16.3
2: 13.42"
144,法士特,16JSD180TA,16,2,手动,2000,19,"1: 14.03
2: 11.64
3: 9.6
4: 7.97
5: 6.64
6: 5.51
7: 4.55
8: 3.78
9: 3.08
10: 2.56
11: 2.11
12: 1.75
13: 1.46
14: 1.21
15: 1
16: 0.83","1: 13.42
2: 11.13"
145,法士特,16JSD200T,16,2,手动,1800,19,"1: 17.04
2: 14.03
3: 11.66
4: 9.6
5: 8.06
6: 6.62
7: 5.53
8: 4.55
9: 3.74
10: 3.08
11: 2.56
12: 2.11
13: 1.77
14: 1.45
15: 1.21
16: 1","1: 16.3
2: 13.42"
146,法士特,16JSD200TA,16,2,手动,2000,19,"1: 14.03
2: 11.64
3: 9.6
4: 7.97
5: 6.64
6: 5.51
7: 4.55
8: 3.78
9: 3.08
10: 2.56
11: 2.11
12: 1.75
13: 1.46
14: 1.21
15: 1
16: 0.83","1: 13.42
2: 11.13"
147,法士特,16JSD220T,16,2,手动,2200,17,"1: 17.04
2: 14.03
3: 11.66
4: 9.6
5: 8.04
6: 6.62
7: 5.53
8: 4.55
9: 3.74
10: 3.08
11: 2.56
12: 2.11
13: 1.77
14: 1.45
15: 1.21
16: 1","1: 16.3
2: 13.42"
148,法士特,16JSD220TA,16,4,手动,2200,17,"1: 14.03
2: 11.64
3: 9.6
4: 7.97
5: 6.64
6: 5.51
7: 4.55
8: 3.78
9: 3.08
10: 2.56
11: 2.11
12: 1.75
13: 1.46
14: 1.21
15: 1
16: 0.83","1: 13.42
2: 11.13"
149,法士特,16JSD240T,16,2,手动,2400,19,"1: 17.04
2: 14.03
3: 11.66
4: 9.6
5: 8.06
6: 6.62
7: 5.53
8: 4.55
9: 3.74
10: 3.08
11: 2.56
12: 2.11
13: 1.77
14: 1.45
15: 1.21
16: 1","1: 16.3
2: 13.42"
150,法士特,16JSD240TA,16,2,手动,2400,19,"1: 14.03
2: 11.64
3: 9.6
4: 7.97
5: 6.64
6: 5.51
7: 4.55
8: 3.78
9: 3.08
10: 2.56
11: 2.11
12: 1.75
13: 1.46
14: 1.21
15: 1
16: 0.83","1: 13.42
2: 11.13"
151,法士特,16JSDX200T,16,2,手自一体,2200,17,"1: 17.04
2: 14.03
3: 11.66
4: 9.6
5: 8.04
6: 6.62
7: 5.53
8: 4.55
9: 3.74
10: 3.08
11: 2.56
12: 2.11
13: 1.77
14: 1.45
15: 1.21
16: 1","1: 16.3
2: 13.42"
152,法士特,16JSDX200TA,16,4,手动,1500-2400,17,"1: 14.03
2: 11.64
3: 9.6
4: 7.97
5: 6.64
6: 5.51
7: 4.55
8: 3.78
9: 3.08
10: 2.56
11: 2.11
12: 1.75
13: 1.46
14: 1.21
15: 1
16: 0.83","1: 13.42
2: 11.13"
153,法士特,16JSS300T,16,2,手动,3000,21,"1: 17.13
2: 14.1
3: 11.72
4: 9.65
5: 8.08
6: 6.66
7: 5.56
8: 4.58
9: 3.74
10: 3.08
11: 2.56
12: 2.11
13: 1.77
14: 1.45
15: 1.21
16: 1","1: 16.38
2: 11.13"
154,法士特,16JZS200,16,2,手自一体,2000,20,"1: 17.04
2: 14.03
3: 11.66
4: 9.6
5: 8.06
6: 6.62
7: 5.53
8: 4.55
9: 3.74
10: 3.08
11: 2.56
12: 2.11
13: 1.77
14: 1.45
15: 1.21
16: 1","1: 16.3
2: 13.42"
155,法士特,16JZSD200,16,2,手自一体,2000,15.5,"1: 17.04
2: 14.03
3: 11.66
4: 9.6
5: 8.04
6: 6.62
7: 5.53
8: 4.55
9: 3.74
10: 3.08
11: 2.56
12: 2.11
13: 1.77
14: 1.45
15: 1.21
16: 1","1: 16.3
2: 13.42"
156,法士特,16JZSD200A,16,2,手自一体,2000,15.5,"1: 14.03
2: 11.64
3: 9.6
4: 7.97
5: 6.64
6: 5.51
7: 4.55
8: 3.78
9: 3.08
10: 2.56
11: 2.11
12: 1.75
13: 1.46
14: 1.21
15: 1
16: 0.83","1: 13.42
2: 11.13"
157,法士特,C16JSDQXL200T,16,4,手动,2000,15,"1: 17.09
2: 14.13
3: 11.82
4: 9.77
5: 8.09
6: 6.69
7: 5.47
8: 4.52
9: 3.78
10: 3.13
11: 2.61
12: 2.16
13: 1.79
14: 1.48
15: 1.21
16: 1","1: 15.73
2: 13
3：3.48
4：2.88"
158,法士特,C16JSDQXL200TA,16,4,手动,2000,15,"1: 14.13
2: 11.7
3: 9.77
4: 8.09
5: 6.69
6: 5.54
7: 4.52
8: 3.74
9: 3.13
10: 2.59
11: 2.16
12: 1.79
13: 1.48
14: 1.22
15: 1
16: 0.83","1: 13
2: 10.77
3：2.88
4：2.38"
159,法士特,C16JSDQXL220T,16,4,手动,2200,15,"1: 17.09
2: 14.13
3: 11.82
4: 9.77
5: 8.09
6: 6.69
7: 5.47
8: 4.52
9: 3.78
10: 3.13
11: 2.61
12: 2.16
13: 1.79
14: 1.48
15: 1.21
16: 1","1: 13
2: 15.73
3：2.88
4：3.48"
160,法士特,C16JSDQXL220TA,16,4,手动,2500,15,"1: 14.13
2: 11.7
3: 9.77
4: 7.97
5: 6.69
6: 5.54
7: 4.52
8: 3.74
9: 3.13
10: 2.59
11: 2.16
12: 1.79
13: 1.48
14: 1.22
15: 1
16: 0.83","1: 10.77
2: 13
3：2.38
4：2.88"
161,法士特,C16JSDQXL250TA,16,4,手动,2500,15,"1: 14.13
2: 11.7
3: 9.77
4: 7.97
5: 6.69
6: 5.54
7: 4.52
8: 3.74
9: 3.13
10: 2.59
11: 2.16
12: 1.79
13: 1.48
14: 1.22
15: 1
16: 0.83","1: 10.77
2: 13
3：2.38
4：2.88"
162,哈齿,CA10T135,10,2,手动,735,9,"1: 11.288
2: 3.968
3: 6.577
4: 4.06
5: 3.958
6: 2.443
7: 2.475
8: 1.528
9: 1.62
10: 1","1.11.44
2.7.062
"
163,哈齿,CA12T123,12,2,手动,530,9,"1: 12.377
2: 7.833
3: 7.64
4: 4.835
5: 4.627
6: 3.07
7: 2.856
8: 2.166
9: 1.895
10: 1.62
11: 1.337
12: 1.00","1: 11.573
2: 7.107"
164,华菱星马,12SOB1900,12,2,手动,1850,0,"1: 12.17
2: 9.58
3: 7.37
4: 5.81
5: 4.55
6: 3.58
7: 2.67
8: 2.11
9: 1.62
10: 1.28
11: 1.00
12: 0.79","1: 12.88
2: 10.14"
165,华菱星马,16S OR 1840,16,2,手动,1900,0,"1: 14.037
2: 11.667
3: 9.707
4: 8.077
5: 6.686
6: 5.557
7: 4.545
8: 3.778
9: 3.088
10: 2.567
11: 2.138
12: 1.777
13: 1.471
14: 1.223
15: 1.000
16: 0.831","1: 12.868
2: 10.695"
166,华菱星马,16SOB1701,16,2,手动,1700,0,"1: 14.04
2: 11.67
3: 9.72
4: 8.08
5: 6.69
6: 5.56
7: 4.55
8: 3.78
9: 3.09
10: 2.57
11: 2.14
12: 1.78
13: 1.47
14: 1.22
15: 1
16: 0.83","1.12.87
2.10.7
"
167,华菱星马,16SOB1850,16,2,手动,1850,0,"1: 14.04
2: 11.67
3: 9.72
4: 8.08
5: 6.69
6: 5.56
7: 4.55
8: 3.78
9: 3.09
10: 2.57
11: 2.14
12: 1.78
13: 1.47
14: 1.22
15: 1
16: 0.83","1.12.87
2.10.7
"
168,华菱星马,16SOB1900,16,2,手动,1850,0,"1: 14.04
2: 11.67
3: 9.72
4: 8.08
5: 6.69
6: 5.56
7: 4.55
8: 3.78
9: 3.09
10: 2.57
11: 2.14
12: 1.78
13: 1.47
14: 1.22
15: 1
16: 0.83","1.12.87
2.10.7
"
169,金东,JDS12TB210,12,2,手动,2100,15.8,"1: 15.535
2: 12.055
3: 9.390
4: 7.349
5: 5.704
6: 4.464
7: 3.480
8: 2.701
9: 2.104
10: 1.652
11: 1.278
12: 1.00","1: 15.098
2: 3.382"
170,綦江,QJ12S1700,12,2,手动,1700,16,"1: 16.47
2: 11.32
3: 7.79
4: 5.48
5: 3.59
6: 3.01
7: 2.47
8: 2.07
9: 1.71
10: 1.42
11: 1.19
12: 1.00","1: 13.32
2: 11.15"
171,綦江,QJ12S1700A,12,2,手动,1700,16,"1: 14.29
2: 9.93
3: 7.05
4: 4.58
5: 3.12
6: 2.56
7: 2.17
8: 1.78
9: 1.54
10: 1.26
11: 1.00
12: 0.82","1: 12.79
2: 10.71"
172,綦江,QJ12S1900,12,2,手动,1900,16,"1: 15.79
2: 10.86
3: 7.52
4: 5.23
5: 3.59
6: 3.01
7: 2.47
8: 2.07
9: 1.71
10: 1.42
11: 1.19
12: 1.00","1: 12.16
2: 9.96"
173,綦江,QJ12S1900A,12,2,手动,1900,16,"1: 12.46
2: 7.83
3: 5.54
4: 3.61
5: 3.12
6: 2.56
7: 2.17
8: 1.78
9: 1.54
10: 1.26
11: 1.00
12: 0.82","1: 12.16
2: 9.96"
174,綦江,QJ12S2100,12,2,手动,2100,16,"1: 13.8
2: 9.5
3: 6.5
4: 4.6
5: 3.5
6: 3.0
7: 2.4
8: 2.1
9: 1.7
10: 1.4
11: 1.2
12: 1.0","1: 13.32
2: 11.15"
175,綦江,QJ12S2100A,12,2,手动,2100,16,"1: 13.24
2: 9.10
3: 6.24
4: 4.40
5: 3.59
6: 3.01
7: 2.47
8: 2.04
9: 1.71
10: 1.42
11: 1.19
12: 1.00","1: 12.79
2: 10.71"
176,綦江,QJ12S2400,12,2,手动,2400,16,"1: 13.24
2: 9.10
3: 6.24
4: 4.40
5: 3.59
6: 3.01
7: 2.47
8: 2.04
9: 1.71
10: 1.42
11: 1.19
12: 1.00","1: 12.79
2: 10.71"
177,綦江,QJ12S2400A,12,2,手动,2400,16,"1: 12.7
2: 8.1
3: 5.8
4: 3.7
5: 3.1
6: 2.5
7: 2.1
8: 1.7
9: 1.5
10: 1.2
11: 1.0
12: 0.8","1: 12.6
2: 10.3"
178,綦江,16TS1700,16,2,手动,1700,0,"1: 16.47
2: 13.79
3: 11.32
4: 9.47
5: 7.79
6: 6.52
7: 5.48
8: 4.58
9: 3.59
10: 3.01
11: 2.47
12: 2.07
13: 1.7
14: 1.42
15: 1.2
16: 1","1.13.32
2.11.15"
179,綦江,16TS1900,16,2,手动,1900,0,"1: 13.8
2: 11.55
3: 9.59
4: 8.02
5: 6.81
6: 5.70
7: 4.58
8: 3.84
9: 3.01
10: 2.52
11: 2.09
12: 1.75
13: 1.49
14: 1.24
15: 1.00
16: 0.84","1.12.23
2.10.02"
180,綦江,16TS1900,16,2,手动,1900,0,"1: 16.47
2: 13.79
3: 11.32
4: 9.47
5: 7.79
6: 6.52
7: 5.48
8: 4.58
9: 3.59
10: 3.01
11: 2.47
12: 2.07
13: 1.7
14: 1.42
15: 1.2
16: 1",
181,綦江,QJ16S1700,16,2,手动,1700,0,"1: 16.47
2: 13.79
3: 11.32
4: 9.47
5: 7.79
6: 6.52
7: 5.48
8: 4.58
9: 3.59
10: 3.01
11: 2.47
12: 2.07
13: 1.7
14: 1.42
15: 1.2
16: 1","1.13.32
2.11.15"
182,綦江,QJ16S1700,16,2,手动,1700,16,"1: 14.29
2: 11.71
3: 9.93
4: 8.14
5: 7.05
6: 5.78
7: 4.59
8: 3.76
9: 3.74
10: 2.56
11: 2.17
12: 1.78
13: 1.54
14: 1.26
15: 1
16: 0.82","1: 12.66
2: 10.37"
183,綦江,QJ16S1900,16,2,手动,2200,16,"1: 14.29
2: 11.71
3: 9.93
4: 8.14
5: 7.05
6: 5.78
7: 4.59
8: 3.76
9: 3.74
10: 2.56
11: 2.17
12: 1.78
13: 1.54
14: 1.26
15: 1
16: 0.82","1: 12.66
2: 10.37"
184,綦江,QJ16S2200,16,2,手动,2200,16,"1: 14.29
2: 11.71
3: 9.93
4: 8.14
5: 7.05
6: 5.78
7: 4.59
8: 3.76
9: 3.74
10: 2.56
11: 2.17
12: 1.78
13: 1.54
14: 1.26
15: 1
16: 0.82","1: 12.66
2: 10.37"
185,斯堪尼亚,GRSO905R,12,2,手自一体,0,0,,
186,四川现代岱摩斯,T230S12,12,2,手动,2000,15,"1: 12.29
2: 9.57
3: 7.49
4: 5.83
5: 4.57
6: 3.55
7: 2.69
8: 2.10
9: 1.64
10: 1.28
11: 1.00
12: 0.78","1: 10.86
2: 8.46"
187,四川现代岱摩斯,T230S16,16,2,手动,2000,16.5,"1: 14.08
2: 11.74
3: 9.33
4: 7.78
5: 6.44
6: 5.37
7: 4.57
8: 3.81
9: 3.08
10: 2.57
11: 2.04
12: 1.70
13: 1.41
14: 1.18
15: 1.00
16: 0.83","1: 12.2
2: 10.17"
188,万里扬, WLY10S110B,10,1,手动,1100,9.5,"1: 8.82
2: 6.36
3: 4.92
4: 4.10
5: 3.32
6: 2.15
7: 1.55
8: 1.2
9: 1.0
10: 0.81
","1.6.56
"
189,万里扬,WLY10S110,10,1,手动,1100,9.5,"1: 13.12
2: 8.82
3: 6.36
4: 4.92
5: 4.10
6: 3.32
7: 2.15
8: 1.55
9: 1.2
10: 1.0
","1.13.26
"
190,万里扬,WLY10S110A,10,1,手动,1500,9.5,"1: 13.12
2: 8.82
3: 6.36
4: 4.92
5: 4.10
6: 3.32
7: 2.15
8: 1.55
9: 1.2
10: 1.0
","1.13.26
"
191,万里扬,WLY10S110T,10,1,手动,900,9.5,"1: 8.82
2: 6.36
3: 4.92
4: 4.10
5: 3.32
6: 2.15
7: 1.55
8: 1.2
9: 1.0
10: 0.81
","1.6.56
"
192,万里扬,WLY10S110TA,10,1,手动,900,9.5,"1: 13.12
2: 8.82
3: 6.36
4: 4.92
5: 4.10
6: 3.32
7: 2.15
8: 1.55
9: 1.2
10: 1.0
","1.13.26
"
193,万里扬,WLY10S110TB,10,1,手动,900,9.5,"1: 8.82
2: 6.36
3: 4.92
4: 4.10
5: 3.32
6: 2.15
7: 1.55
8: 1.2
9: 1.0
10: 0.81
","1.6.56
"
194,万里扬,WLY10S130,10,1,手动,1300,12,"1: 13.00
2: 7.97
3: 5.53
4: 4.33
5: 3.87
6: 3.36
7: 2.06
8: 1.43
9: 1.12
10: 1.00
","1.13.26
"
195,万里扬,WLY10S130A,10,1,手动,1300,12,"1: 7.97
2: 5.53
3: 4.33
4: 3.87
5: 3.36
6: 2.06
7: 1.43
8: 1.12
9: 1.0
10: 0.81
","1.13.26
"
196,万里扬,WLY10S130B,10,1,手动,1300,12,"1: 13.00
2: 7.97
3: 5.53
4: 4.33
5: 3.87
6: 3.36
7: 2.06
8: 1.43
9: 1.12
10: 1.00
","1.6.56
"
197,万里扬,WLY10S130T,10,1,手动,1100,12,"1: 13.00
2: 7.97
3: 5.53
4: 4.33
5: 3.87
6: 3.36
7: 2.06
8: 1.43
9: 1.12
10: 1.00
","1.13.26
"
198,万里扬,WLY10S130TA,10,1,手动,1100,12,"1: 13.00
2: 7.97
3: 5.53
4: 4.33
5: 3.87
6: 3.36
7: 2.06
8: 1.43
9: 1.12
10: 1.00
","1.13.26
"
199,万里扬,WLY10S130TB,10,1,手动,1100,12,"1: 7.97
2: 5.53
3: 4.33
4: 3.87
5: 3.36
6: 2.06
7: 1.43
8: 1.12
9: 1.0
10: 0.81
","1.6.56
"
200,万里扬,WLY10S150,10,1,手动,1500,13,"1: 13.00
2: 7.97
3: 5.53
4: 4.33
5: 3.87
6: 3.36
7: 2.06
8: 1.43
9: 1.12
10: 1.00
","1.13.12
"
201,万里扬,WLY10S150A,10,1,手动,1100,13,"1: 7.97
2: 5.53
3: 4.33
4: 3.87
5: 3.36
6: 2.06
7: 1.43
8: 1.12
9: 1.0
10: 0.81
","1.8.02
"
202,万里扬,WLY10S150T,10,1,手动,1300,13,"1: 13.00
2: 7.97
3: 5.53
4: 4.33
5: 3.87
6: 3.36
7: 2.06
8: 1.43
9: 1.12
10: 1.00
","1.13.12
"
203,万里扬,WLY10S150TA,10,1,手动,1300,13,"1: 13.00
2: 7.97
3: 5.53
4: 4.33
5: 3.87
6: 3.36
7: 2.06
8: 1.43
9: 1.12
10: 1.00
","1.13.12
"
204,万里扬,WLY525H,10,1,手动,250,2.7,"1: 7.73
2: 3.997
3: 2.269
4: 1.495
5: 1.13
6: 5.568
7: 2.879
8: 1.634
9: 1.00
10: 0.814
",1. 5.011
205,万里扬,WLY530H,10,1,手动,300,3.2,"1: 12.6
2: 7.174
3: 4.194
4: 2.634
5: 1.85
6: 6.3
7: 3.592
8: 2.1
9: 1.32
10: 1.00
","1. 5.7
"
206,万里扬,WLY538H,10,1,手动,300,3.3,"1: 9.36
2: 4.83
3: 2.89
4: 1.85
5: 1.41
6: 5.057
7: 2.609
8: 1.565
9: 1.00
10: 0.764
",1. 4.575
207,万里扬,WLY540F,10,1,手动,260,5.5,"1: 11.180048
2: 6.591519
3: 3.741463
4: 2.347015
5: 1.529
6: 7.312
7: 4.311
8: 2.447
9: 1.535
10: 1.00
",1. 7.66
208,万里扬,WLY540H,10,1,手动,400,5.5,"1: 19.565084
2: 11.53515825
3: 6.54756025
4: 4.10727625
5: 2.67575
6: 7.312
7: 4.311
8: 2.447
9: 1.535
10: 1.00
",1. 7.66
209,万里扬,WLY553H,10,1,手动,530,5,"1: 11
2: 5.987
3: 4.118
4: 2.419
5: 1.44
6: 7.64
7: 4.095
8: 2.86
9: 1.68
10: 1
",1. 7.11
210,万里扬,WLY12S180T,12,2,手动,1800,15,"1: 15.59
2: 12.14
3: 9.41
4: 7.34
5: 5.74
6: 4.48
7: 3.47
8: 2.70
9: 2.19
10: 1.63
11: 1.27
12: 1.00","1: 14.86
2: 3.33"
211,万里扬,WLY12S180TA,12,2,手动,1800,15,"1: 12.14
2: 9.45
3: 7.35
4: 5.73
5: 4.48
6: 3.49
7: 2.70
8: 2.09
9: 1.63
10: 1.27
11: 1.00
12: 0.78","1: 11.56
2: 2.59"
212,万里扬,WLY670H,12,1,手动,700,15,"1: 11.98
2: 7.751
3: 7.455
4: 4.942
5: 4.823
6: 3.175
7: 3.075
8: 2.378
9: 1.976
10: 1.607
11: 1.48
12: 1.00","1: 6.709
"
213,一汽, CA10TA130M,10,2,手动,1300,13/13.5,"1. 14.734
2: 11
3: 8.166
4: 6.003
5: 4.464
6: 3.301
7: 2.464
8: 1.83
9: 1.345
10: 1","1.15.098
2.3.382"
214,一汽, CA10TA160M,10,2,手动,1600,13/13.5,"1. 14.734
2: 11
3: 8.166
4: 6.003
5: 4.464
6: 3.301
7: 2.464
8: 1.83
9: 1.345
10: 1","1.15.098
2.3.382"
215,一汽, CA10TAX130M,10,2,手动,1300,13/13.5,"1: 10.597
2: 8.18
3: 6.073
4: 4.464
5: 3.319
6: 2.455
7: 1.833
8: 1.361
9: 1
10: 0.744","1.11.227
2.2.515"
216,一汽,CA10TA130M,10,2,手动,1300,13/13.5,"1. 14.734
2: 11
3: 8.166
4: 6.003
5: 4.464
6: 3.301
7: 2.464
8: 1.83
9: 1.345
10: 1","1.15.098
2.3.382"
217,一汽,CA10TA190M,10,2,手动,1900,13,"1. 14.734
2: 11
3: 8.166
4: 6.003
5: 4.464
6: 3.301
7: 2.464
8: 1.83
9: 1.345
10: 1","1.15.098
2.3.382"
218,一汽,CA10TAX160M,10,2,手动,1600,13/13.5,"1: 10.597
2: 8.18
3: 6.073
4: 4.464
5: 3.319
6: 2.455
7: 1.833
8: 1.361
9: 1
10: 0.744","1.11.227
2.2.515"
219,一汽,CA10TAX190M,10,1,手动,1900,13,"1: 10.957
2: 8.18
3: 6.073
4: 4.464
5: 3.319
6: 2.455
7: 1.833
8: 1.361
9: 1.00
10: 0.744
",1. 11.227
220,一汽,CA12TA160M,12,2,手动,1600,15.8,"1: 15.535
2: 12.055
3: 9.390
4: 7.349
5: 5.704
6: 4.464
7: 3.480
8: 2.701
9: 2.104
10: 1.652
11: 1.278
12: 1.00","1: 15.098
2: 3.382"
221,一汽,CA12TA160M2,12,2,手动,1600,18.7,"1: 15.535
2: 12.055
3: 9.390
4: 7.349
5: 5.704
6: 4.464
7: 3.480
8: 2.701
9: 2.104
10: 1.652
11: 1.278
12: 1.00","1: 15.098
2: 3.382"
222,一汽,CA12TA190M,12,2,手动,1900,15.8,"1: 15.535
2: 12.055
3: 9.390
4: 7.349
5: 5.704
6: 4.464
7: 3.480
8: 2.701
9: 2.104
10: 1.652
11: 1.278
12: 1.00","1: 15.098
2: 3.382"
223,一汽,CA12TA190M2,12,2,手动,1900,18.7,"1: 15.535
2: 12.055
3: 9.390
4: 7.349
5: 5.704
6: 4.464
7: 3.480
8: 2.701
9: 2.104
10: 1.652
11: 1.278
12: 1.00","1: 15.098
2: 3.382"
224,一汽,CA12TA210M,12,2,手动,2100,15.8,"1: 15.535
2: 12.055
3: 9.390
4: 7.349
5: 5.704
6: 4.464
7: 3.480
8: 2.701
9: 2.104
10: 1.652
11: 1.278
12: 1.00","1: 15.098
2: 3.382"
225,一汽,CA12TA210M2,12,2,手动,2100,18.7,"1: 15.535
2: 12.055
3: 9.390
4: 7.349
5: 5.704
6: 4.464
7: 3.480
8: 2.701
9: 2.104
10: 1.652
11: 1.278
12: 1.00","1: 15.098
2: 3.382"
226,一汽,CA12TAX160M,12,2,手动,1600,15.8,"1: 12.158
2: 9.435
3: 7.349
4: 5.770
5: 4.464
6: 3.493
7: 2.724
8: 2.114
9: 1.646
10: 1.293
11: 1.00
12: 0.783","1: 11.816
2: 2.647"
227,一汽,CA12TAX160M2,12,2,手动,1600,18.7,"1: 12.158
2: 9.435
3: 7.349
4: 5.770
5: 4.464
6: 3.493
7: 2.724
8: 2.114
9: 1.646
10: 1.293
11: 1.00
12: 0.783","1: 11.816
2: 2.647"
228,一汽,CA12TAX190M,12,2,手动,1900,15.8,"1: 12.158
2: 9.435
3: 7.349
4: 5.770
5: 4.464
6: 3.493
7: 2.724
8: 2.114
9: 1.646
10: 1.293
11: 1.00
12: 0.783","1: 11.816
2: 2.647"
229,一汽,CA12TAX190M2,12,2,手动,1900,18.7,"1: 12.158
2: 9.435
3: 7.349
4: 5.770
5: 4.464
6: 3.493
7: 2.724
8: 2.114
9: 1.646
10: 1.293
11: 1.00
12: 0.783","1: 11.816
2: 2.647"
230,一汽,CA12TAX210A1,12,1,手动,2100,15.8,"1: 12.158
2: 9.435
3: 7.349
4: 5.770
5: 4.464
6: 3.493
7: 2.724
8: 2.114
9: 1.646
10: 1.293
11: 1.00
12: 0.783","1: 11.816
"
231,一汽,CA12TAX210M,12,2,手动,2100,15.8,"1: 12.158
2: 9.435
3: 7.349
4: 5.770
5: 4.464
6: 3.493
7: 2.724
8: 2.114
9: 1.646
10: 1.293
11: 1.00
12: 0.783","1: 11.816
2: 2.647"
232,一汽,CA12TAX210M2,12,2,手动,2100,18.7,"1: 12.158
2: 9.435
3: 7.349
4: 5.770
5: 4.464
6: 3.493
7: 2.724
8: 2.114
9: 1.646
10: 1.293
11: 1.00
12: 0.783","1: 11.816
2: 2.647"
233,伊顿, ET-18110,10,3,手动,1800,0,"1: 20.468
2: 13.244
3: 8.67
4: 6.229
5: 4.557
6: 3.405
7: 2.546
8: 1.83
9: 1.338
10: 1","1.20.468
2.13.244 
3.3.89
"
234,伊顿, ETO-16110,10,3,手动,1800,0,"1: 15.293
2: 9.896
3: 6.487
4: 4.654
5: 3.405
6: 2.544
7: 1.903
8: 1.367
9: 1
10: 0.747","1.15.293
2.9.895
3.2.906
"
235,伊顿, ETO-18110,10,3,手动,1800,0,"1: 15.293
2: 9.896
3: 6.487
4: 4.654
5: 3.405
6: 2.544
7: 1.903
8: 1.367
9: 1
10: 0.747","1.15.293
2.9.895
3.2.906
"
236,伊顿, FO-14E308LL-VCS,10,3,手自一体,2200,13.16,"1: 14.56
2: 9.42
3: 6.24
4: 4.63
5: 3.4
6: 2.53
7: 1.83
8: 1.36
9: 1
10: 0.74","1.15.22
2.9.85
3.2.89"
237,伊顿, FO-16E308LL-VCS,10,3,手自一体,2200,13.16,"1: 14.56
2: 9.42
3: 6.24
4: 4.63
5: 3.4
6: 2.53
7: 1.83
8: 1.36
9: 1
10: 0.74","1.15.22
2.9.85
3.2.89"
238,伊顿, FO-17E308LL-VCS,10,3,手自一体,2373,13.16,"1: 14.56
2: 9.42
3: 6.24
4: 4.63
5: 3.4
6: 2.53
7: 1.83
8: 1.36
9: 1
10: 0.74","1.15.22
2.9.85
3.2.89"
239,伊顿, RT-16110B,10,2,手动,1600,0,"1: 14.78
2: 11
3: 8.17
4: 6
5: 4.46
6: 3.31
7: 2.46
8: 1.83
9: 1.34
10: 1","1.15.1
2.3.38
"
240,伊顿, RTO-16110B,10,2,手动,1600,0,"1: 10.99
2: 8.18
3: 6.07
4: 4.46
5: 3.32
6: 2.46
7: 1.83
8: 1.36
9: 1
10: 0.74","1.11.23
2.2.52
"
241,伊顿, RTO-18110C,10,2,手动,1800,0,"1: 12.8
2: 9.25
3: 6.76
4: 4.9
5: 3.58
6: 2.61
7: 1.89
8: 1.38
9: 1
10: 0.73","1.13.63
2.2.78
"
242,伊顿, RTO-20110C,10,2,手动,2000,0,"1: 12.8
2: 9.25
3: 6.76
4: 4.9
5: 3.58
6: 2.61
7: 1.89
8: 1.38
9: 1
10: 0.73","1.13.63
2.2.78
"
243,伊顿, RTO-22110B,10,2,手动,2000,0,"1: 10.99
2: 8.18
3: 6.07
4: 4.46
5: 3.32
6: 2.46
7: 1.83
8: 1.36
9: 1
10: 0.74","1.11.23
2.2.52
"
244,伊顿,ET-16110,10,3,手动,1600,0,"1: 20.468
2: 13.244
3: 8.67
4: 6.229
5: 4.557
6: 3.405
7: 2.546
8: 1.83
9: 1.338
10: 1","1.20.468
2.13.244 
3.3.89
"
245,伊顿,ET-20110,10,3,手动,2000,0,"1: 20.468
2: 13.244
3: 8.67
4: 6.229
5: 4.557
6: 3.405
7: 2.546
8: 1.83
9: 1.338
10: 1","1.20.468
2.13.244 
3.3.89
"
246,伊顿,ETO-20110,10,3,手动,2000,0,"1: 15.293
2: 9.896
3: 6.487
4: 4.654
5: 3.405
6: 2.544
7: 1.903
8: 1.367
9: 1
10: 0.747","1.15.293
2.9.895
3.2.906
"
247,伊顿,FO-14E310C-LAS,10,2,手动,2000,13.16,"1: 12.8
2: 9.25
3: 6.76
4: 4.9
5: 3.58
6: 2.61
7: 1.89
8: 1.38
9: 1
10: 0.73","1.13.63
2.2.78
"
248,伊顿,FO-16E310C-LAS,10,2,手动,2200,13.16,"1: 12.8
2: 9.25
3: 6.76
4: 4.9
5: 3.58
6: 2.61
7: 1.89
8: 1.38
9: 1
10: 0.73","1.13.63
2.2.78
"
249,伊顿,RT-11710B,10,2,手动,1560,12,"1: 14.78
2: 11
3: 8.17
4: 6
5: 4.46
6: 3.31
7: 2.46
8: 1.83
9: 1.34
10: 1","1.15.1
2.3.38
"
250,伊顿,RT-14710B,10,2,手动,2000,12,"1: 14.78
2: 11
3: 8.17
4: 6
5: 4.46
6: 3.31
7: 2.46
8: 1.83
9: 1.34
10: 1","1.15.1
2.3.38
"
251,伊顿,RT-18110B,10,2,手动,1800,0,"1: 14.78
2: 11
3: 8.17
4: 6
5: 4.46
6: 3.31
7: 2.46
8: 1.83
9: 1.34
10: 1","1.15.1
2.3.38
"
252,伊顿,RT-20110B,10,2,手动,2000,0,"1: 14.78
2: 11
3: 8.17
4: 6
5: 4.46
6: 3.31
7: 2.46
8: 1.83
9: 1.34
10: 1","1.15.1
2.3.38
"
253,伊顿,RTO-16110C,10,2,手动,1600,0,"1: 12.8
2: 9.25
3: 6.76
4: 4.9
5: 3.58
6: 2.61
7: 1.89
8: 1.38
9: 1
10: 0.73","1.13.63
2.2.78
"
254,伊顿,RTO-18110B,10,2,手动,1800,0,"1: 10.99
2: 8.18
3: 6.07
4: 4.46
5: 3.32
6: 2.46
7: 1.83
8: 1.36
9: 1
10: 0.74","1.11.23
2.2.52
"
255,伊顿,RTO-20110B,10,2,手动,2000,0,"1: 10.99
2: 8.18
3: 6.07
4: 4.46
5: 3.32
6: 2.46
7: 1.83
8: 1.36
9: 1
10: 0.74","1.11.23
2.2.52
"
256,伊顿,RTO-22110C,10,2,手动,2200,0,"1: 12.8
2: 9.25
3: 6.76
4: 4.9
5: 3.58
6: 2.61
7: 1.89
8: 1.38
9: 1
10: 0.73","1.13.63
2.2.78
"
257,伊顿,RTO-XX110B,10,2,手动,0,0,"1: 10.39
2: 8.18
3: 6.07
4: 4.46
5: 3.32
6: 2.46
7: 1.83
8: 1.36
9: 1.0
10: 0.74","1.11.23
2.2.52"
258,伊顿,RTO-XX110C,10,2,手动,0,0,"1: 12.8
2: 9.25
3: 6.76
4: 4.9
5: 3.58
6: 2.61
7: 1.89
8: 1.38
9: 1.0
10: 0.73","1.13.63
2.2.78"
259,伊顿,RTX-11710B,10,2,手动,1560,12,"1: 10.99
2: 8.18
3: 6.07
4: 4.46
5: 3.32
6: 2.46
7: 1.83
8: 1.36
9: 1
10: 0.74","1.11.23
2.2.52
"
260,伊顿,RTX-14710B,10,2,手动,2000,12,"1: 10.99
2: 8.18
3: 6.07
4: 4.46
5: 3.32
6: 2.46
7: 1.83
8: 1.36
9: 1
10: 0.74","1.11.23
2.2.52
"
261,伊顿,RTX-14710C,10,2,手动,2000,12,"1: 12.8
2: 9.25
3: 6.76
4: 4.9
5: 3.58
6: 2.61
7: 1.89
8: 1.38
9: 1
10: 0.73","1.13.62
2.2.78
"
262,重汽, HW13710,10,2,手动,1350,13,"1. 10.444
2: 7.892
3: 5.788
4: 4.315
5: 3.198
6: 2.42
7: 1.829
8: 1.341
9: 1
10: 0.741","1.9.138
2.2.118"
263,重汽, HW19710A,10,2,手自一体,1900,12,"1: 14.28
2: 10.62
3: 5.91
4: 5.58
5: 4.38
6: 3.27
7: 2.43
8: 1.8
9: 1.34
10: 1.0","1.13.91
2.3.18"
264,重汽, HW19710AC,10,2,手自一体,2100,12,"1: 10.73
2: 7.98
3: 5.91
4: 4.38
5: 3.29
6: 2.45
7: 1.82
8: 1.35
9: 1
10: 0.75","1.10.45
2.2.39"
265,重汽, HW19710C,10,2,手动,2100,12,"1: 10.73
2: 7.98
3: 5.91
4: 4.38
5: 3.29
6: 2.45
7: 1.82
8: 1.35
9: 1
10: 0.75","1.10.45
2.2.39"
266,重汽, HW90710,10,2,手动,900,6,"1: 13.23
2: 9.903
3: 7.448
4: 5.612
5: 4.2
6: 3.15
7: 2.358
8: 1.773
9: 1.336
10: 1","1.11.02
2.2.625"
267,重汽, HW90710,10,2,手动,900,6,"1: 9.060
2: 6.782
3: 5.101
4: 3.912
5: 3.047
6: 2.316
7: 1.734
8: 1.304
9: 1
10: 0.779","1.7.55
2.3.912"
268,重汽,10JSD150,10,2,手动,1500,0,"1: 14.86
2: 11.02
3: 8.09
4: 6.02
5: 4.46
6: 3.33
7: 2.47
8: 1.81
9: 1.35 
10: 1","1.14.24
2.3.19"
269,重汽,HW13710,10,2,手动,1390,13,"1. 14.104
2: 10.648
3: 7.809
4: 5.822
5: 4.315
6: 3.268
7: 2.468
8: 1.81
9: 1.349
10: 1","1.12.33
2.2.857"
270,重汽,HW15710,10,2,手动,1500,12.5,"1: 14.284
2: 10.623
3: 7.871
4: 5.876
5: 4.375
6: 3.265
7: 2.428
8: 1.799
9: 1.343
10: 1
","1.13913
2.3.18"
271,重汽,HW15710A,10,2,手自一体,1650,12,"1: 10.73
2: 7.98
3: 5.91
4: 4.38
5: 3.29
6: 2.45
7: 1.82
8: 1.35
9: 1
10: 0.75","1.10.45
2.2.39"
272,重汽,HW15710A,10,2,手自一体,1500,12,"1: 14.28
2: 10.62
3: 5.91
4: 5.58
5: 4.38
6: 3.27
7: 2.43
8: 1.8
9: 1.34
10: 1.0","1.13.91
2.3.18"
273,重汽,HW15710C,10,2,手动,1650,12,"1: 10.73
2: 7.98
3: 5.91
4: 4.38
5: 3.29
6: 2.45
7: 1.82
8: 1.35
9: 1
10: 0.75","1.10.45
2.2.39"
274,重汽,HW19710,10,2,手动,1900,12,"1: 14.284
2: 10.623
3: 7.871
4: 5.876
5: 4.375
6: 3.265
7: 2.428
8: 1.799
9: 1.343
10: 1
","1.13913
2.3.18"
275,重汽,HW19710T,10,2,手动,1900,15,"1: 14.36
2: 10.66
3: 7.88
4: 5.82
5: 4.38
6: 3.28
7: 2.44
8: 1.8
9: 1.33
10: 1","1.14.01
2.3.2"
276,重汽,HW19710TC,10,2,手动,1900,18,"1: 10.788
2: 8.014
3: 5.918
4: 4.375
5: 3.288
6: 2.466
7: 1.832
8: 1.353
9: 1
10: 0.752","1.10.531
2.2.407"
277,重汽,HW23710,10,2,手动,2300,12,"1: 14.28
2: 10.62
3: 7.87
4: 5.88
5: 4.38
6: 3.27
7: 1.34
8: 1.80
9: 1.34
10: 1","1.13.91
2.3.18"
278,重汽,HW23710A,10,2,手自一体,2300,12,"1: 14.28
2: 10.62
3: 7.87
4: 5.88
5: 4.38
6: 3.27
7: 1.34
8: 1.80
9: 1.34
10: 1","1.13.91
2.3.18"
279,重汽,HW23710AC,10,2,手自一体,2300,12,"1: 10.73
2: 7.98
3: 5.91
4: 4.38
5: 3.29
6: 2.45
7: 1.82
8: 1.35
9: 1
10: 0.75","1.10.45
2.2.93"
280,重汽,HW23710C,10,2,手动,2500,12,"1: 10.73
2: 7.98
3: 5.91
4: 4.38
5: 3.29
6: 2.45
7: 1.82
8: 1.35
9: 1
10: 0.75","1.10.45
2.2.93"
281,重汽,HW90710,10,2,手动,900,6,"1: 11.63
2: 8.706
3: 6.548
4: 5.021
5: 3.912
6: 2.973
7: 2.226
8: 1.674
9: 1.284
10: 1","1.9.692
2.3.912"
282,重汽,HW90710-B,10,2,手动,900,6,"1: 10
2: 7.467
3: 5.616
4: 4.2
5: 3.167
6: 2.375
7: 1.778
8: 1.377
9: 1
10: 0.754","1.8.313
2.1.979"
283,重汽,HW90710-E,10,2,手动,900,6,"1: 9.318
2: 6.975
3: 5.242
4: 3.912
5: 3.129
6: 2.382
7: 1.783
8: 1.34
9: 1
10: 0.8","1.7.776
2.3.912"
284,重汽,HW19712,12,2,手动,1900,13,"1: 15.01
2: 11.67
3: 9.19
4: 7.15
5: 5.63
6: 4.38
7: 3.43
8: 2.67
9: 2.1
10: 1.63
11: 1.29
12: 1.00","1: 13.81
2: 3.16"
285,重汽,HW19712A,12,2,手自一体,1900,14,"1: 15.01
2: 11.67
3: 9.19
4: 7.15
5: 5.63
6: 4.38
7: 3.43
8: 2.67
9: 2.1
10: 1.63
11: 1.29
12: 1.00","1: 13.81
2: 3.16"
286,重汽,HW19712AC,12,2,手自一体,1900,14,"1: 11.80
2: 9.17
3: 7.10
4: 5.61
5: 4.38
6: 3.44
7: 2.70
8: 2.10
9: 1.62
10: 1.28
11: 1.00
12: 0.79","1: 10.85
2: 2.48"
287,重汽,HW19712C,12,2,手动,1900,13,"1: 11.80
2: 9.17
3: 7.10
4: 5.61
5: 4.38
6: 3.44
7: 2.70
8: 2.10
9: 1.62
10: 1.28
11: 1.00
12: 0.79","1: 10.85
2: 2.48"
288,重汽,HW19712CL,12,2,手动,1900,13,"1: 11.80
2: 9.17
3: 7.10
4: 5.61
5: 4.38
6: 3.44
7: 2.70
8: 2.10
9: 1.62
10: 1.28
11: 1.00
12: 0.79","1: 10.85
2: 2.48"
289,重汽,HW19712L,12,2,手动,1900,13,"1: 15.01
2: 11.67
3: 9.19
4: 7.15
5: 5.63
6: 4.38
7: 3.43
8: 2.67
9: 2.1
10: 1.63
11: 1.29
12: 1.00","1: 13.81
2: 3.16"
290,重汽,HW21712CSTL,12,2,手动,2100,13,"1: 11.67
2: 9.17
3: 7.15
4: 5.76
5: 4.38
6: 3.44
7: 2.67
8: 2.1
9: 1.63
10: 1.28
11: 1.00
12: 0.79","1: 13.81
2: 10.85"
291,重汽,HW21712STL,12,2,手动,2100,13,"1: 15.01
2: 11.67
3: 9.19
4: 7.15
5: 5.63
6: 4.38
7: 3.43
8: 2.67
9: 2.1
10: 1.63
11: 1.29
12: 1.00","1: 17.76
2: 13.81"
292,重汽,HW25712X,12,2,手动,2500,0,"1: 15.012
2: 11.667
3: 9.03
4: 7.146
5: 5.568
6: 4.375
7: 3.431
8: 2.667
9: 2.064
10: 1.663
11: 1.273
12: 1.000","1: 13.811
2: 3.157"
293,重汽,16TS1900,16,4,手自一体,2200,14,"1: 13.12
2: 11.05
3: 9.17
4: 7.72
5: 6.3
6: 5.3
7: 4.38
8: 3.68
9: 3
10: 2.52
11: 2.1
12: 1.76
13: 1.44
14: 1.21
15: 1
16: 0.84","1.12.03
2.10.13
3.2.75
4.2.31"
294,重汽,HW20716,16,2,手动,2000,14,"1: 15.59
2: 13.13
3: 10.89
4: 9.17
5: 7.48
6: 6.3
7: 5.2
8: 4.38
9: 3.56
10: 3
11: 2.49
12: 2.1
13: 1.71
14: 1.44
15: 1.19
16: 1","1: 14.29
2: 12.03"
295,重汽,HW20716A,16,4,手自一体,2000,14,"1: 15.59
2: 13.12
3: 10.89
4: 9.17
5: 7.48
6: 6.3
7: 5.2
8: 4.38
9: 3.56
10: 3
11: 2.49
12: 2.1
13: 1.71
14: 1.44
15: 1.19
16: 1","1: 14.29
2: 12.03
3：3.27
4：2.75"
296,重汽,HW20716AC,16,4,手自一体,2200,14,"1: 13.12
2: 11.05
3: 9.17
4: 7.72
5: 6.3
6: 5.3
7: 4.38
8: 3.68
9: 3
10: 2.52
11: 2.1
12: 1.76
13: 1.44
14: 1.21
15: 1
16: 0.84","1.12.03
2.10.13
3.2.75
4.2.31"
297,重汽,HW20716ACL,16,4,手自一体,2200,14,"1: 13.12
2: 11.05
3: 9.17
4: 7.72
5: 6.3
6: 5.3
7: 4.38
8: 3.68
9: 3
10: 2.52
11: 2.1
12: 1.76
13: 1.44
14: 1.21
15: 1
16: 0.84","1.12.03
2.10.13
3.2.75
4.2.31"
298,重汽,HW20716C,16,2,手动,2200,14,"1: 13.13
2: 11.05
3: 9.17
4: 7.72
5: 6.3
6: 5.3
7: 4.38
8: 3.68
9: 3
10: 2.52
11: 2.1
12: 1.76
13: 1.44
14: 1.21
15: 1
16: 0.84","1.12.03
2.10.1
"